0120017:秋田県湯沢市富士見
0140011:秋田県大仙市富士見町
0360515:青森県黒石市富士見
0368143:青森県弘前市富士見台
0368223:青森県弘前市富士見町
0440075:北海道虻田郡倶知安町富士見
0440211:北海道虻田郡喜茂別町富士見台
0481501:北海道虻田郡ニセコ町富士見
0492322:北海道茅部郡森町富士見町
0493106:北海道二海郡八雲町富士見町
0680672:北海道夕張市鹿島富士見町
0850214:北海道釧路市阿寒町富士見
0850832:北海道釧路市富士見
0861831:北海道目梨郡羅臼町富士見町
0910162:北海道北見市留辺蘂町富士見
0970027:北海道稚内市富士見
0983534:北海道天塩郡遠別町富士見
1020071:東京都千代田区富士見
1740062:東京都板橋区富士見町
1770034:東京都練馬区富士見台
1820033:東京都調布市富士見町
1860003:東京都国立市富士見台
1890024:東京都東村山市富士見町
1900013:東京都立川市富士見町
1920044:東京都八王子市富士見町
2050013:東京都羽村市富士見平
2100011:神奈川県川崎市川崎区富士見
2240051:神奈川県横浜市都筑区富士見が丘
2300026:神奈川県横浜市鶴見区市場富士見町
2310037:神奈川県横浜市中区富士見町
2380021:神奈川県横須賀市富士見町
2520236:神奈川県相模原市中央区富士見
2530031:神奈川県茅ヶ崎市富士見町
2540062:神奈川県平塚市富士見町
2570057:神奈川県秦野市富士見町
2590122:神奈川県中郡二宮町富士見が丘
2600015:千葉県千葉市中央区富士見
2700127:千葉県流山市富士見台
2790043:千葉県浦安市富士見
2891515:千葉県山武市松尾町富士見台
2920831:千葉県木更津市富士見
2940035:千葉県館山市富士見
3001263:茨城県つくば市富士見台
3002417:茨城県つくばみらい市富士見ヶ丘
3070003:茨城県結城市富士見町
3091212:茨城県桜川市富士見台
3200011:栃木県宇都宮市富士見が丘
3210146:栃木県宇都宮市富士見町
3240028:栃木県大田原市富士見
3260037:栃木県足利市富士見町
3270503:栃木県佐野市富士見町
3280044:栃木県栃木市富士見町
3470045:埼玉県加須市富士見町
3500033:埼玉県川越市富士見町
3500802:埼玉県川越市富士見
3501306:埼玉県狭山市富士見
3502201:埼玉県鶴ヶ島市富士見
3540000:埼玉県富士見市以下に掲載がない場合
3540001:埼玉県富士見市東大久保
3540002:埼玉県富士見市上南畑
3540003:埼玉県富士見市南畑新田
3540004:埼玉県富士見市下南畑
3540005:埼玉県富士見市みどり野北
3540006:埼玉県富士見市みどり野東
3540007:埼玉県富士見市みどり野南
3540008:埼玉県富士見市みどり野西
3540011:埼玉県富士見市水子
3540012:埼玉県富士見市貝塚
3540013:埼玉県富士見市水谷東
3540014:埼玉県富士見市水谷
3540015:埼玉県富士見市東みずほ台
3540016:埼玉県富士見市榎町
3540017:埼玉県富士見市針ケ谷
3540018:埼玉県富士見市西みずほ台
3540021:埼玉県富士見市鶴馬
3540022:埼玉県富士見市山室
3540023:埼玉県富士見市諏訪
3540024:埼玉県富士見市鶴瀬東
3540025:埼玉県富士見市関沢
3540026:埼玉県富士見市鶴瀬西
3540031:埼玉県富士見市勝瀬
3540032:埼玉県富士見市渡戸
3540033:埼玉県富士見市羽沢
3540034:埼玉県富士見市上沢
3540035:埼玉県富士見市ふじみ野西
3540036:埼玉県富士見市ふじみ野東
3560032:埼玉県ふじみ野市富士見台
3610021:埼玉県行田市富士見町
3620041:埼玉県上尾市富士見
3650046:埼玉県鴻巣市富士見町
3690121:埼玉県鴻巣市吹上富士見
3710101:群馬県前橋市富士見町赤城山
3710102:群馬県前橋市富士見町皆沢
3710103:群馬県前橋市富士見町小暮
3710104:群馬県前橋市富士見町時沢
3710105:群馬県前橋市富士見町石井
3710106:群馬県前橋市富士見町市之木場
3710107:群馬県前橋市富士見町山口
3710111:群馬県前橋市富士見町米野
3710112:群馬県前橋市富士見町引田
3710113:群馬県前橋市富士見町漆窪
3710114:群馬県前橋市富士見町田島
3710115:群馬県前橋市富士見町小沢
3710116:群馬県前橋市富士見町原之郷
3710117:群馬県前橋市富士見町横室
3740027:群馬県館林市富士見町
3840036:長野県小諸市富士見平
3910021:長野県諏訪郡富士見町富士見（入笠湖）
3930055:長野県諏訪郡下諏訪町富士見町
3990101:長野県諏訪郡富士見町境
3990102:長野県諏訪郡富士見町落合（３０６０、３６００〜４６００番地）
3990200:長野県諏訪郡富士見町以下に掲載がない場合
3990211:長野県諏訪郡富士見町富士見（その他）
3990212:長野県諏訪郡富士見町立沢
3990213:長野県諏訪郡富士見町乙事
3990214:長野県諏訪郡富士見町落合（その他）
4000027:山梨県甲府市富士見
4030009:山梨県富士吉田市富士見
4070014:山梨県韮崎市富士見
4070021:山梨県韮崎市富士見ケ丘
4100034:静岡県沼津市富士見町
4102102:静岡県伊豆の国市富士見ニュータウン
4102205:静岡県伊豆の国市富士見
4110021:静岡県三島市富士見台
4120051:静岡県御殿場市富士見原
4170851:静岡県富士市富士見台
4180014:静岡県富士宮市富士見ケ丘
4200023:静岡県静岡市葵区富士見町
4228026:静岡県静岡市駿河区富士見台
4240941:静岡県静岡市清水区富士見町
4280034:静岡県島田市金谷富士見町
4380083:静岡県磐田市富士見町
4380088:静岡県磐田市富士見台
4418135:愛知県豊橋市富士見台
4480854:愛知県刈谷市富士見町
4600014:愛知県名古屋市中区富士見町
4640015:愛知県名古屋市千種区富士見台
4660812:愛知県名古屋市昭和区八事富士見
5070047:岐阜県多治見市富士見町
5200846:滋賀県大津市富士見台
6512214:兵庫県神戸市西区富士見が丘
6728098:兵庫県姫路市飾磨区富士見ケ丘町
6900026:島根県松江市富士見町
7048184:岡山県岡山市東区富士見町
7300043:広島県広島市中区富士見町
7612408:香川県丸亀市綾歌町富熊（富士見坂）
7620046:香川県坂出市富士見町
7630011:香川県丸亀市富士見町
8020801:福岡県北九州市小倉南区富士見
8190387:福岡県福岡市西区富士見
8470851:佐賀県唐津市富士見町
8470876:佐賀県唐津市南富士見町
8528022:長崎県長崎市富士見町
8701176:大分県大分市富士見が丘東
8701177:大分県大分市富士見が丘西
8740921:大分県別府市富士見町
9150854:福井県越前市富士見が丘
9220121:石川県加賀市山中温泉富士見町
9220275:石川県加賀市別所町（富士見ケ丘）
9980861:山形県酒田市富士見町